{"text": " Myself Nabadeep and my friend are two certain person and we are the founding member of the Miley AI The AI first learning assistant for the villagers and for the normal people who are normally don't have the", "segments": [{"id": 0, "seek": 0, "start": 0.0, "end": 5.5600000000000005, "text": " Myself Nabadeep and my friend are two certain person and we are the founding member of the Miley AI", "tokens": [50364, 37795, 1967, 45366, 762, 595, 293, 452, 1277, 366, 732, 1629, 954, 293, 321, 366, 264, 22223, 4006, 295, 264, 376, 12062, 7318, 50642], "temperature": 0.0, "avg_logprob": -0.44219855467478436, "compression_ratio": 1.4375, "no_speech_prob": 0.3521884083747864}, {"id": 1, "seek": 0, "start": 5.5600000000000005, "end": 12.08, "text": " The AI first learning assistant for the villagers and for the normal people who are normally don't have the", "tokens": [50642, 440, 7318, 700, 2539, 10994, 337, 264, 32080, 293, 337, 264, 2710, 561, 567, 366, 5646, 500, 380, 362, 264, 50968], "temperature": 0.0, "avg_logprob": -0.44219855467478436, "compression_ratio": 1.4375, "no_speech_prob": 0.3521884083747864}], "language": "en"}